Materials Id,Formula,Spacegroup,Formation Energy (eV),E Above Hull (eV),Band Gap (eV),Has Bandstructure,Volume,Nsites,Theoretical,Count,Density (gm/cc),Crystal System,Polycrystalline Dielectric Constant
mp-989643,LaCoN3,C2/m,-0.796,0,0.493,TRUE,160.62,10,TRUE,768,4.959,monoclinic,"12.743883999999996,"
mp-1029627,Mg2ReN3,C2/c,-0.587,0,0.327,TRUE,311.45,24,TRUE,,5.904,monoclinic," 10.552642333333331,"
mp-7084,SrCaSi,Pnma,-0.451,0,0.422,TRUE,365.424,12,FALSE,,2.832,orthorhombic," 16.614,"
mp-1029293,CsVN2,Fd3m,-0.928,0,0.504,FALSE,148.358,8,TRUE,,4.743,cubic," 18.97300233333333,"
mp-27891,Bi2SO2,Pnnm,-1.378,0,0.856,TRUE,183.21,10,FALSE,,8.738,orthorhombic," 10.727195666666667,"
mp-541772,Bi4RuBr2,C2/m,-0.319,0,0.57,TRUE,473.152,14,FALSE,,7.698,monoclinic," 10.152000578970009,"
mp-1285,PtO2,Pnnm,-0.937,0,0.663,TRUE,67.038,6,FALSE,,11.25,orthorhombic," 21.334999999999997,"
mp-996983,AgAuO2,P21/c,-0.48,0,0.673,TRUE,122.687,8,TRUE,,9.118,monoclinic," 10.223538666666668,"
mp-1095634,TeAsRu,P21/c,-0.419,0,0.993,TRUE,244,12,FALSE,,8.264,monoclinic," 20.551166333333335,"
mp-1221557,MnZn(CrS2)4,F43m,-1.108,0,0.34,FALSE,256.83,14,TRUE,,3.781,cubic," 10.690977333332988,"
mp-29175,Ca2AuN,Cmcm,-0.906,0,0.089,TRUE,161.654,8,FALSE,,5.981,orthorhombic," 14.506786666666668,"
mp-12902,ErAgTe2,P421m,-0.9,0,1.311,TRUE,236.163,8,FALSE,,7.458,tetragonal," 11.225693333333332,"
mp-22192,Si3Ru2,Pbcn,-0.635,0,0.549,TRUE,559.876,40,FALSE,,6.795,orthorhombic," 20.442000000000004,"
mp-384,MgP4,P21/c,-0.307,0,0.667,TRUE,199.577,10,FALSE,,2.466,monoclinic," 10.286,"
mp-865713,Li2TlBi,Fm3m,-0.376,0,0.236,TRUE,92.664,4,TRUE,,7.656,cubic," 95.4376000000001,"
mp-149,Si,Fd3m,0,0,0.853,TRUE,40.888,2,FALSE,,2.281,cubic," 13.003383000000028,"
mp-17401,Rb3Sn4Au,Pmmn,-0.338,0,1.185,TRUE,651.468,16,FALSE,,4.732,orthorhombic," 11.358666666666664,"
mp-19765,In2HgTe4,I4,-0.294,0,1.016,TRUE,261.563,7,FALSE,,5.972,tetragonal," 11.140975000000003,"
mp-27411,TlP5,Pmc21,-0.025,0,1.419,TRUE,587.16,24,FALSE,,4.064,orthorhombic," 10.781999999999998,"
mp-1217322,TeSe,P1,-0.007,0,0.947,TRUE,188.786,6,TRUE,,5.451,triclinic," 20.83114066666667,"
mp-30459,ScNiBi,F43m,-0.627,0,0.234,TRUE,61.208,3,FALSE,,8.481,cubic," 22.556865000000013,"
mp-540696,Ca3(SiAs2)2,P21/c,-0.824,0,0.823,TRUE,871.632,36,FALSE,,3.628,monoclinic," 10.89433333333333,"
mp-8212,Cd(PtO2)3,Cmmm,-1.091,0,0.28,TRUE,122.386,10,FALSE,,10.768,orthorhombic," 17.373424333333332,"
mp-1228809,AlReSi,I4mm,-0.483,0,0.293,TRUE,41.287,3,TRUE,,9.704,tetragonal," 18.38328,"
mp-18971,Mn(PtO2)3,Cmmm,-1.192,0,0.241,FALSE,118.843,10,FALSE,,10.286,orthorhombic," 16.221130666666664,"
mp-4175,ZnSnP2,I42d,-0.195,0,0.706,TRUE,186.239,8,FALSE,,4.388,tetragonal," 12.346318666666669,"
mp-12418,SrCaGe,Pnma,-0.613,0,0.457,TRUE,373.167,12,FALSE,,3.566,orthorhombic," 17.253999999999998,"
mp-13305,SmSnAu,F43m,-0.858,0,0.066,TRUE,79.915,3,TRUE,,9.684,cubic," 24.925565000000002,"
mp-2160,Sb2Se3,Pnma,-0.256,0,0.857,TRUE,597.341,20,FALSE,,5.342,orthorhombic," 15.762666666666666,"
mp-3486,KSnSb,P63mc,-0.34,0,0.28,TRUE,227.725,6,FALSE,,4.077,hexagonal," 12.616454000000028,"
mp-1183302,Ba(GaAs)2,P21/c,-0.651,0,1.266,TRUE,528.995,20,FALSE,,5.357,monoclinic," 13.58882,"
mp-20305,InAs,F43m,-0.229,0,0.305,TRUE,59.05,2,FALSE,,5.336,cubic," 17.290701999999694,"
mp-7774,Na2SbAu,Cmcm,-0.459,0,0.639,TRUE,211.473,8,FALSE,,5.728,orthorhombic," 18.05320333333333,"
mp-7939,NaNbSe2,P63/mmc,-1.005,0,0.556,TRUE,167.144,8,FALSE,,5.441,hexagonal," 12.352596666666708,"
mp-1025496,LiNbSe2,P63/mmc,-1.074,0,0.732,FALSE,147.706,8,TRUE,,5.796,hexagonal," 13.329274,"
mp-15074,Sr(PIr)2,P3221,-0.906,0,0.376,TRUE,284.926,15,FALSE,,9.336,trigonal," 39.096000000000316,"
mp-15685,Na2CuAs,Cmcm,-0.373,0,0.743,TRUE,169.908,8,FALSE,,3.605,orthorhombic," 10.384333333335473,"
mp-28520,Rb2SnTe5,I4/mcm,-0.533,0,0.592,TRUE,625.944,16,TRUE,,4.922,tetragonal," 12.189945,"
mp-27910,Bi2Te2S,R3m,-0.42,0,0.628,TRUE,169.883,5,FALSE,,6.893,trigonal," 17.837132999999984,"
mp-38605,Sn(BiTe2)2,R3m,-0.259,0,0.455,TRUE,244.38,7,TRUE,,7.115,trigonal," 36.183999999984394,"
mp-961673,TiFeTe,F43m,-0.511,0,1.125,TRUE,50.913,3,TRUE,,7.544,cubic," 21.359200666666982,"
mp-10616,BaLiAs,P6m2,-0.947,0,0.593,TRUE,83.027,3,FALSE,,4.384,hexagonal," 10.256426333333337,"
mp-11790,LaCuSe2,P21/c,-1.335,0,0.871,TRUE,375.895,16,FALSE,,6.368,monoclinic," 10.59252966666667,"
mp-27438,TlBiTe2,R3m,-0.313,0,0.415,TRUE,146.233,4,FALSE,,7.592,trigonal," 24.05872333333336,"
mp-1018630,Ca(BeAs)2,P3m1,-0.612,0,0.696,TRUE,89.403,5,FALSE,,3.862,trigonal," 10.318091358168143,"
mp-552,Th3Sb4,I43d,-0.928,0,0.173,TRUE,422.248,14,FALSE,,9.306,cubic," 34.67394799999998,"
mp-8612,Sb2TeSe2,R3m,-0.225,0,0.481,TRUE,152.588,5,FALSE,,5.757,trigonal," 25.79655999999999,"
mp-10288,LaCuTeS,P21/c,-1.496,0,0.577,TRUE,379.627,16,FALSE,,6.336,monoclinic," 12.319884333333333,"
mp-867507,TaGaFe2,Fm3m,-0.315,0,0.06,TRUE,50.995,4,TRUE,,11.799,cubic," 40.29237000000007,"
mp-1191203,CuNiSbS3,P212121,-0.633,0,0.421,TRUE,455.947,24,FALSE,,4.956,orthorhombic," 22.523981000000003,"
mp-1214786,AsRuS,P21/c,-0.724,0,0.94,FALSE,198.786,12,TRUE,,6.952,monoclinic," 20.069440999999998,"
mp-1219132,Re2MoSe4,P1,-0.465,0,1.052,FALSE,303.605,14,TRUE,,8.578,triclinic," 13.298215999999998,"
mp-19238,Co(PtO2)3,Cmmm,-1.056,0,0.215,TRUE,463.821,40,FALSE,,10.6,orthorhombic," 15.857701666666662,"
mp-2894,ScSnAu,F43m,-0.767,0,0.171,TRUE,69.349,3,FALSE,,8.635,cubic," 21.086919999999974,"
mp-1227372,BiTeIr,P213,-0.232,0,0.474,FALSE,289.87,12,TRUE,,12.117,cubic," 27.832614999999993,"
mp-2371,Ga2Te5,I4/m,-0.24,0,1.018,TRUE,234.684,7,FALSE,,5.501,tetragonal," 13.85566666674267,"
mp-3532,CrAgSe2,R3m,-0.361,0,0.235,TRUE,86.33,4,FALSE,,6.113,trigonal," 15.19546533333333,"
mp-1228446,Al3BC,P63/mmc,-0.098,0,0.453,TRUE,122.697,10,TRUE,,2.809,hexagonal," 11.897220667182701,"
mp-28373,BaP3Pt2,P21/c,-0.899,0,0.241,TRUE,554.935,24,FALSE,,7.426,monoclinic," 19.634,"
mp-1220004,PIrS,P213,-0.954,0,1.862,FALSE,184.564,12,TRUE,,9.186,cubic," 14.572737999999996,"
mp-15649,As2Ir,P21/c,-0.483,0,1.153,TRUE,217.343,12,FALSE,,10.454,monoclinic," 21.35766666666667,"
mp-540569,CsCr5S8,C2/m,-1.18,0,0.337,TRUE,272.697,14,FALSE,,3.954,monoclinic," 12.066043262465861,"
mp-541844,Ge5Ir4,P4c2,-0.354,0,0.412,TRUE,601.474,36,FALSE,,12.502,tetragonal," 42.719499000000006,"
mp-7771,Sr(CdAs)2,P3m1,-0.632,0,0.135,TRUE,132.986,5,FALSE,,5.772,trigonal," 137.10337333333337,"
mp-11265,BaCaSn,Pnma,-0.684,0,0.244,TRUE,463.85,12,FALSE,,4.24,orthorhombic," 22.985666666666663,"
mp-1156,GaSb,F43m,-0.157,0,0.365,TRUE,60.133,2,FALSE,,5.288,cubic," 24.080946999999966,"
mp-19717,TePb,Fm3m,-0.406,0,1.058,TRUE,70.758,2,FALSE,,7.857,cubic," 26.218126000000037,"
mp-20450,YCrB4,Pbam,-0.652,0,0.237,TRUE,234.643,24,FALSE,,5.213,orthorhombic," 41.459,"
mp-978553,SiAs2,Pbam,-0.072,0,0.896,TRUE,581.965,24,FALSE,,4.062,orthorhombic," 11.687333333333333,"
mp-21609,SrCuN,Pnma,-0.564,0,0.262,TRUE,649.887,36,FALSE,,5.064,orthorhombic," 12.010069333333334,"
mp-541487,TlPt2Se3,P3m1,-0.442,0,0.675,TRUE,298.432,12,FALSE,,9.253,trigonal," 17.133976333333347,"
mp-7038,TlPd2Se3,P3m1,-0.393,0,0.191,TRUE,295.838,12,FALSE,,7.343,trigonal," 25.840666666666724,"
mp-14983,Si4P4Ru,P1,-0.359,0,1.492,TRUE,153.128,9,FALSE,,3.658,triclinic," 15.147006000000003,"
mp-17833,Ba3GeO,Pnma,-1.444,0,0.454,TRUE,643.699,20,FALSE,,5.166,orthorhombic," 16.270793,"
mp-4025,TmNiSb,F43m,-0.901,0,0.314,TRUE,62.27,3,FALSE,,9.317,cubic," 18.578459999999968,"
mp-569571,Nb3Sb2Te5,I43m,-0.395,0,1.093,TRUE,488.295,20,FALSE,,7.891,cubic," 23.79308100000002,"
mp-984350,Dy3Sb4Au3,I43d,-0.811,0,0.567,TRUE,489.889,20,FALSE,,10.613,cubic," 27.32401499999999,"
mp-1102857,SbTeRu,P21/c,-0.323,0,0.802,TRUE,271.542,12,FALSE,,8.572,monoclinic," 22.772511000000005,"
mp-13097,NaZnAs,P4/nmm,-0.42,0,0.358,TRUE,125.765,6,FALSE,,4.313,tetragonal," 18.105999999999995,"
mp-1190030,La3Sb4Au3,I43d,-0.959,0,0.603,TRUE,538.402,20,FALSE,,9.22,cubic," 26.372295000000005,"
mp-27655,Te2I,Pnma,-0.059,0,0.664,TRUE,1003.965,24,FALSE,,5.056,orthorhombic," 12.149333333333336,"
mp-12903,YAgTe2,P421m,-0.928,0,1.311,TRUE,241.036,8,FALSE,,6.227,tetragonal," 11.232284000000002,"
mp-22856,Bi2S3,Pnma,-0.742,0,1.503,TRUE,527.166,20,FALSE,,6.478,orthorhombic," 12.461814666666667,"
mp-569267,Ca2CdSb2,Pnma,-0.791,0,0.648,TRUE,604.892,20,FALSE,,4.789,orthorhombic," 13.426999999999998,"
mp-7684,Tl3AsSe3,R3m,-0.316,0,1.192,TRUE,220.32,7,FALSE,,6.971,trigonal," 10.462333333328884,"
mp-2114,YN,Fm3m,-1.879,0,0.286,TRUE,29.758,2,FALSE,,5.743,cubic," 15.428000000000424,"
mp-304,Ca2Ge,Pnma,-0.62,0,0.312,TRUE,339.279,12,FALSE,,2.991,orthorhombic," 16.557333333333332,"
mp-34361,Tl9BiTe6,I4/m,-0.309,0,0.64,TRUE,544.472,16,TRUE,,8.582,tetragonal," 20.990349164192008,"
mp-568052,K2Ga3,I4/mmm,-0.146,0,0.276,TRUE,288.925,10,FALSE,,3.303,tetragonal," 31.259333329595957,"
mp-1025039,PbS2,I4/mcm,-0.73,0,0.807,TRUE,145.66,6,TRUE,,6.186,tetragonal," 13.507623999999998,"
mp-1094088,NbCoSn,F43m,-0.327,0,1.078,TRUE,53.274,3,TRUE,,8.433,cubic," 24.973000000000457,"
mp-11869,HfSnPd,F43m,-0.726,0,0.098,TRUE,64.421,3,FALSE,,10.404,cubic," 19.458673999999977,"
mp-866132,Na2TlSb,Fm3m,-0.321,0,0.477,TRUE,110.593,4,TRUE,,5.587,cubic," 35.049240999999924,"
mp-607477,CsSc3(CuTe3)2,C2/m,-0.967,0,0.037,TRUE,356.273,12,FALSE,,5.409,monoclinic," 11.85238390410901,"
mp-1228810,AsIrSe,P213,-0.516,0,1.491,FALSE,218.206,12,TRUE,,10.535,cubic," 17.525656,"
mp-23488,Tl5Se2I,I4/mcm,-0.451,0,0.71,TRUE,552.82,16,FALSE,,7.85,tetragonal," 10.89392100000002,"
mp-471,CdAs2,I4122,-0.087,0,0.193,TRUE,158.599,6,FALSE,,5.492,tetragonal," 15.036310666666667,"
mp-7773,Na2AsAu,Cmcm,-0.495,0,0.506,TRUE,186.165,8,FALSE,,5.671,orthorhombic," 12.77933333333251,"
mp-505297,NbSbRu,F43m,-0.417,0,0.623,TRUE,59.643,3,FALSE,,8.79,cubic," 22.782967000000045,"
mp-978,Sr2Sn,Pnma,-0.625,0,0.153,TRUE,463.528,12,FALSE,,4.212,orthorhombic," 19.135666666666665,"
mp-607818,GeTeRh,Pbca,-0.504,0,0.269,TRUE,486.347,24,FALSE,,8.28,orthorhombic," 27.72,"
mp-978852,SrGaSnH,P3m1,-0.489,0,0.585,TRUE,90.082,4,TRUE,,5.107,trigonal," 33.029628,"
mp-1079726,Zr2SeN2,P63/mmc,-1.723,0,0.53,TRUE,156.58,10,FALSE,,6.139,hexagonal," 10.712159003396877,"
mp-1226003,CoPS,P213,-0.773,0,1.13,TRUE,158.832,12,TRUE,,5.101,cubic," 20.976514000000005,"
mp-2030,RuS2,Pa3,-0.992,0,0.682,TRUE,180.92,12,FALSE,,6.065,cubic," 16.68700000000001,"
mp-31451,ZrCoBi,F43m,-0.422,0,1.012,TRUE,60.651,3,FALSE,,9.833,cubic," 20.92792699999997,"
mp-7623,MgAs4,P41212,-0.227,0,0.837,TRUE,482.42,20,FALSE,,4.461,tetragonal," 13.86866666666667,"
mp-1103228,BiIrSe,P213,-0.252,0,0.686,TRUE,260.696,12,FALSE,,12.234,cubic," 25.232520999999995,"
mp-27741,TeAuI,P21/c,-0.138,0,1.092,TRUE,445.882,12,FALSE,,6.725,monoclinic," 10.372812999999999,"
mp-867193,Sr2BiAu,Fm3m,-0.852,0,0.448,TRUE,129.043,4,TRUE,,7.479,cubic," 27.234294999999978,"
mp-541062,Ca3GaAs3,Pnma,-1.012,0,0.336,TRUE,701.895,28,FALSE,,3.925,orthorhombic," 11.892333333333335,"
mp-5478,TlPd3O4,Fm3m,-0.953,0,1.151,TRUE,232.338,16,FALSE,,8.4,cubic," 12.63136166666643,"
mp-1078724,LiAsSe2,Cc,-0.554,0,0.787,FALSE,180.195,8,FALSE,,4.419,monoclinic," 12.15208933333332,"
mp-1221101,NaBiSe2,R3m,-0.735,0,1.136,TRUE,110.077,4,TRUE,,5.882,trigonal," 10.314490702536274,"
mp-2490,GaP,F43m,-0.409,0,1.684,TRUE,41.737,2,FALSE,,4.006,cubic," 10.587151999999975,"
mp-9244,LiBC,P63/mmc,-0.376,0,1.127,TRUE,45.943,6,FALSE,,2.151,hexagonal," 11.668263333333341,"
mp-10155,P2Ir,P21/c,-0.722,0,0.779,TRUE,185.987,12,FALSE,,9.077,monoclinic," 16.764333333333337,"
mp-16238,Li2AgSb,F43m,-0.456,0,0.148,TRUE,73.882,4,FALSE,,5.473,cubic," 23.46843499999998,"
mp-2534,GaAs,F43m,-0.35,0,0.184,TRUE,47.532,2,FALSE,,5.053,cubic," 14.840380999999985,"
mp-1103261,SiPtSe,Pca21,-0.651,0,0.975,TRUE,217.329,12,FALSE,,9.234,orthorhombic," 18.885664,"
mp-4182,CrAgS2,R3m,-0.808,0,0.757,TRUE,147.908,8,FALSE,,5.029,trigonal," 12.511907,"
mp-567931,InSiTe3,P31m,-0.211,0,0.564,TRUE,334.039,10,FALSE,,5.227,trigonal," 12.547322333333346,"
mp-1104130,Ba(P2Au)2,Fddd,-0.475,0,0.37,TRUE,333.517,14,FALSE,,6.524,orthorhombic," 12.465966,"
mp-1228030,Ba4Bi2O,I4mm,-1.522,0,0.611,TRUE,272.997,7,TRUE,,5.981,tetragonal," 10.5201443333333,"
mp-571093,BaAlSiH,P3m1,-0.472,0,0.82,TRUE,85.615,4,FALSE,,3.751,trigonal," 14.361360000000028,"
mp-865280,NbAlFe2,Fm3m,-0.376,0,0.331,TRUE,52.34,4,TRUE,,7.347,cubic," 45.93990500000007,"
mp-1009088,BeGeAs2,I42d,-0.176,0,0.66,TRUE,162.54,8,TRUE,,4.73,tetragonal," 13.091827,"
mp-574338,CsGa3,I4m2,-0.157,0,0.127,TRUE,324.81,12,FALSE,,5.246,tetragonal," 44.23763799999998,"
mp-1214793,AsOsS,P21/c,-0.563,0,1.214,FALSE,200.609,12,TRUE,,9.841,monoclinic," 17.652758000000002,"
mp-1228745,AsRhS,P213,-0.841,0,1.248,FALSE,200.372,12,TRUE,,6.958,cubic," 19.407790000000002,"
mp-638590,MnTl2GeTe4,I42m,-0.195,0,0.206,TRUE,259.248,8,FALSE,,6.705,tetragonal," 14.583169666666668,"
mp-8311,Si3NiP4,I42m,-0.244,0,0.337,TRUE,141.194,8,FALSE,,3.138,tetragonal," 18.57923566666667,"
mp-4008,ZnGeAs2,I42d,-0.167,0,0.568,TRUE,188.566,8,FALSE,,5.07,tetragonal," 17.781104999999997,"
mp-12178,KCr5S8,C2/m,-1.181,0,0.274,TRUE,265.391,14,FALSE,,3.476,monoclinic," 12.132980333333323,"
mp-18670,Ca5(SnAs3)2,Pbam,-0.874,0,0.254,TRUE,684.967,26,FALSE,,4.302,orthorhombic," 15.517000000000001,"
mp-2646,Mg3Sb2,P3m1,-0.364,0,0.155,TRUE,133.474,5,FALSE,,3.937,trigonal," 14.801333333333536,"
mp-1105095,BaP2,P21/c,-0.804,0,0.9,TRUE,494.335,18,FALSE,,4.016,monoclinic," 10.521849000000001,"
mp-1178386,CsTe4,P21/c,-0.392,0,0.627,TRUE,855.122,20,FALSE,,4.997,monoclinic," 14.172789333333334,"
mp-15777,Zn(GaTe2)2,I4,-0.383,0,1.448,TRUE,221.744,7,FALSE,,5.356,tetragonal," 10.476619999999999,"
mp-2074,Li3Sb,Fm3m,-0.637,0,0.807,TRUE,70.632,4,FALSE,,3.352,cubic," 10.187000000000095,"
mp-1413,P2Ru,Pnnm,-0.609,0,0.516,TRUE,88.499,6,FALSE,,6.118,orthorhombic," 19.857333333333337,"
mp-672204,Ga3Ru,P42/mnm,-0.387,0,0.723,TRUE,289.973,16,FALSE,,7.106,tetragonal," 20.9265981755661,"
mp-27484,Tl2O,R3m,-0.826,0,0.572,TRUE,149.861,6,FALSE,,9.413,trigonal," 11.599708901064071,"
mp-30949,Sr3SiO,Pnma,-1.46,0,0.655,TRUE,523.316,20,FALSE,,3.896,orthorhombic," 12.436698666666663,"
mp-3102,TaCuS3,Pnma,-1.164,0,0.42,TRUE,403.296,20,FALSE,,5.611,orthorhombic," 12.17392,"
mp-1016197,MgSiAs2,I42d,-0.312,0,1.303,TRUE,192.845,8,FALSE,,3.483,tetragonal," 10.17042433333333,"
mp-2715,CoAs2,P21/c,-0.326,0,0.171,TRUE,188.457,12,FALSE,,7.358,monoclinic," 34.569,"
mp-541771,Bi4RuI2,I4/m,-0.216,0,0.479,TRUE,534.55,14,FALSE,,7.398,tetragonal," 10.539333333340933,"
mp-569779,ScSbPd,F43m,-1.043,0,0.078,TRUE,64.819,3,FALSE,,6.997,cubic," 17.964780999999967,"
mp-961713,ZrSnPt,F43m,-1.024,0,1.008,TRUE,66.225,3,TRUE,,10.155,cubic," 17.477000000001386,"
mp-1087504,KZn4P3,R3m,-0.296,0,0.518,TRUE,163.269,8,FALSE,,4.004,trigonal," 10.215818999999998,"
mp-1100405,ScTeRh,F43m,-1.086,0,0.486,TRUE,63.111,3,TRUE,,7.248,cubic," 17.016552999999963,"
mp-10368,CoPSe,Pbca,-0.464,0,0.698,TRUE,357.497,24,FALSE,,6.275,orthorhombic," 24.277666666666665,"
mp-10952,Cu2HgGeS4,I42m,-0.616,0,0.02,TRUE,163.933,8,FALSE,,5.354,tetragonal," 13.52051566666667,"
mp-1219458,SbTeRh,P213,-0.508,0,0.587,FALSE,272.715,12,TRUE,,8.58,cubic," 27.247707999999992,"
mp-1221102,NaBiTe2,R3m,-0.538,0,1.1,TRUE,134.398,4,TRUE,,6.019,trigonal," 13.180215000000004,"
mp-3595,ZnSiAs2,I42d,-0.198,0,0.89,TRUE,178.368,8,FALSE,,4.531,tetragonal," 13.154521999999998,"
mp-4174,HoNiSb,F43m,-0.904,0,0.348,TRUE,63.423,3,FALSE,,9.043,cubic," 18.655805000000036,"
mp-22982,CuBiS2,Pnma,-0.608,0,0.5,TRUE,357.674,16,FALSE,,6.252,orthorhombic," 14.483882,"
mp-1321,CdSb,Pbca,-0.046,0,0.053,TRUE,486.499,16,FALSE,,6.394,orthorhombic," 27.828375333333327,"
mp-31149,Ca3BiN,Pm3m,-1.095,0,0.782,TRUE,119.076,5,FALSE,,4.786,cubic," 18.63138400000002,"
mp-1029872,Sr2ReN3,C2/c,-0.877,0,0.015,TRUE,391.62,24,TRUE,,6.843,monoclinic," 102.553984,"
mp-13682,PdS2,Pbca,-0.713,0,0.654,TRUE,264.893,12,FALSE,,4.277,orthorhombic," 10.900333333333336,"
mp-567636,VFeSb,F43m,-0.212,0,0.53,TRUE,48.508,3,FALSE,,7.824,cubic," 31.58696800000004,"
mp-365,MgB4,Pnma,-0.14,0,0.365,TRUE,179.152,20,FALSE,,2.504,orthorhombic," 11.608333333333333,"
mp-3668,CdGeP2,I42d,-0.097,0,0.648,TRUE,185.246,8,FALSE,,4.428,tetragonal," 12.786425333333328,"
mp-1105728,Ba(GaP)2,P21/c,-0.656,0,1.341,TRUE,491.733,20,FALSE,,4.575,monoclinic," 11.940441666666665,"
mp-20316,PPbSe3,P21/c,-0.315,0,1.676,TRUE,548.261,20,FALSE,,5.755,monoclinic," 10.183402,"
mp-30452,DyNiBi,F43m,-0.673,0,0.266,TRUE,68.394,3,FALSE,,10.444,cubic," 25.167384000000002,"
mp-2139,BaGe2,Pnma,-0.534,0,0.572,TRUE,747.731,24,FALSE,,5.021,orthorhombic," 14.800666666666665,"
mp-28080,K2SnTe5,I4/mcm,-0.537,0,0.581,TRUE,584.094,16,TRUE,,4.747,tetragonal," 15.243956333333331,"
mp-29662,TlBiSe2,R3m,-0.451,0,0.347,TRUE,123.112,4,FALSE,,7.706,trigonal," 18.649763666666686,"
mp-865681,TiSiRu2,Fm3m,-0.891,0,0.004,TRUE,54.183,4,TRUE,,8.523,cubic," 30.740508999999978,"
mp-989524,LaWN3,R3c,-1.236,0,1.294,TRUE,131.504,10,TRUE,,9.212,trigonal," 13.467063666666673,"
mp-15661,Sc4C3,I43d,-0.486,0,0.466,TRUE,188.683,14,FALSE,,3.799,cubic," 16.770339000000007,"
mp-27810,Ba(GeAs)2,P42mc,-0.504,0,0.046,TRUE,555.015,20,FALSE,,5.175,tetragonal," 14.665284,"
mp-31493,RbGa3,I4m2,-0.168,0,0.621,TRUE,313.803,12,FALSE,,4.677,tetragonal," 38.41609833333332,"
mp-570008,Sr3BiN,Pm3m,-0.939,0,0.257,TRUE,145.628,5,FALSE,,5.54,cubic," 34.41491700000004,"
mp-7435,KCuSe,P63/mmc,-0.68,0,0.176,TRUE,149.378,6,FALSE,,4.038,hexagonal," 45.99226333333336,"
mp-7937,NaNbS2,P63/mmc,-1.542,0,0.661,TRUE,145.696,8,FALSE,,4.104,hexagonal," 11.072926666666701,"
mp-9919,LiZnSb,P63mc,-0.366,0,0.415,TRUE,124.956,6,FALSE,,5.159,hexagonal," 18.556789,"
mp-2576,Sr2Ge,Pnma,-0.534,0,0.375,TRUE,411.852,12,FALSE,,3.998,orthorhombic," 18.900333333333332,"
mp-30847,TiSnPt,F43m,-0.832,0,0.831,TRUE,60.504,3,FALSE,,9.926,cubic," 20.753588999999966,"
mp-1206881,LiTaS2,P63/mmc,-1.606,0,0.852,FALSE,126.673,8,TRUE,,6.607,hexagonal," 11.36735933333332,"
mp-1207448,Zr3Sb4Pt3,I43d,-0.799,0,0.793,FALSE,427.391,20,TRUE,,10.459,cubic," 30.240602999999993,"
mp-7262,ZnAs2,P21/c,-0.157,0,0.224,TRUE,583.548,24,FALSE,,4.9,monoclinic," 13.464333333333334,"
mp-9566,Sr(MgSb)2,P3m1,-0.753,0,0.98,TRUE,154.409,5,FALSE,,4.084,trigonal," 10.153562333333328,"
mp-1206514,Mg3AsN,Pm3m,-0.811,0,1.335,FALSE,76.392,5,TRUE,,3.518,cubic," 10.320901999999993,"
mp-17926,Zr3Ni3Sb4,I43d,-0.651,0,0.539,TRUE,381.519,20,FALSE,,8.155,cubic," 34.75700000000011,"
mp-567666,Ba3BiN,P63/mmc,-0.855,0,0.647,TRUE,356.702,10,FALSE,,5.912,hexagonal," 12.773000000000051,"
mp-29072,Nb2SiTe4,P21/c,-0.497,0,0.268,TRUE,782.649,28,FALSE,,6.147,monoclinic," 15.729999999999999,"
mp-3525,Sb2Te2Se,R3m,-0.19,0,0.131,TRUE,161.977,5,FALSE,,5.922,trigonal," 28.107000000045133,"
mp-861937,Ba2AsAu,Fm3m,-0.949,0,0.61,TRUE,131.24,4,TRUE,,6.915,cubic," 20.124371,"
mp-505511,CoAsSe,Pbca,-0.376,0,0.418,TRUE,390.208,24,FALSE,,7.245,orthorhombic," 28.99066666666666,"
mp-9567,Ba(MgSb)2,P3m1,-0.77,0,0.845,TRUE,165.557,5,FALSE,,4.307,trigonal," 10.659708666666694,"
mp-2319,P2Os,Pnnm,-0.521,0,0.856,TRUE,89.719,6,FALSE,,9.335,orthorhombic," 18.212666666666667,"
mp-774155,Li2FeO3,C2,-1.965,0,0.081,TRUE,215.484,24,TRUE,,3.629,monoclinic," 10.969886,"
mp-28400,P3Ru,P1,-0.524,0,1.027,TRUE,247.723,16,FALSE,,5.201,triclinic," 17.429000000000002,"
mp-7280,PPdS,Pbcn,-0.65,0,1.088,TRUE,487.47,24,FALSE,,4.618,orthorhombic," 11.074103666666668,"
mp-15988,Li2CuSb,F43m,-0.425,0,0.527,TRUE,63.52,4,FALSE,,5.207,cubic," 18.382908999999977,"
mp-567817,HfGeTe4,Cmc21,-0.456,0,0.387,TRUE,369.978,12,FALSE,,6.836,orthorhombic," 13.785153333333318,"
mp-1029770,BaCrN2,Cmce,-0.997,0,0.06,TRUE,265.092,16,TRUE,,5.446,orthorhombic," 208.70947633333336,"
mp-541582,ReSe2,P1,-0.399,0,1.236,TRUE,272.823,12,FALSE,,8.378,triclinic," 11.679000000000004,"
mp-21272,ErNiSb,F43m,-0.904,0,0.331,TRUE,62.816,3,FALSE,,9.192,cubic," 18.45932199999998,"
mp-10289,Ca(BC)2,I4/mcm,-0.333,0,0.618,TRUE,107.099,10,FALSE,,2.658,tetragonal," 15.845258666666675,"
mp-23341,Bi2Pt2O7,Fd3m,-1.341,0,0.834,TRUE,292.254,22,FALSE,,10.456,cubic," 10.050346999999933,"
mp-570485,SrAlSiH,P3m1,-0.472,0,0.62,TRUE,76.911,4,FALSE,,3.102,trigonal," 13.237179666666618,"
mp-570844,Ga3Os,P42/mnm,-0.268,0,0.967,TRUE,293.647,16,FALSE,,9.034,tetragonal," 17.492714,"
mp-866141,TiFe2Si,Fm3m,-0.694,0,0.402,TRUE,46.106,4,TRUE,,6.758,cubic," 38.312301044557536,"
mp-1106381,NaAs,P21/c,-0.392,0,0.582,TRUE,391.237,16,FALSE,,3.325,monoclinic," 10.801170333333332,"
mp-22786,ThNiSn,F43m,-0.695,0,0.353,TRUE,71.323,3,FALSE,,9.533,cubic," 31.98347299999993,"
mp-675989,Tl9BiSe6,I4/m,-0.378,0,0.831,TRUE,489.538,16,TRUE,,8.555,tetragonal," 16.741017910038796,"
mp-861950,Ca2SbAu,Fm3m,-0.918,0,0.276,TRUE,106.535,4,TRUE,,6.217,cubic," 60.186937000000235,"
mp-1102430,SbTeIr,P213,-0.415,0,0.967,TRUE,273.354,12,FALSE,,10.73,cubic," 20.591890000000003,"
mp-862947,Ba2BiAu,Fm3m,-0.866,0,0.425,TRUE,149.437,4,TRUE,,7.563,cubic," 22.219633000000016,"
mp-867203,Sr2CdAs2,Cmc21,-0.954,0,1.066,TRUE,294.581,10,FALSE,,4.932,orthorhombic," 10.457772333333333,"
mp-1207108,BaAlGeH,P3m1,-0.525,0,0.893,TRUE,87.318,4,FALSE,,4.525,trigonal," 15.04641766666665,"
mp-20832,Zn(InTe2)2,I4,-0.375,0,1.276,TRUE,245.897,7,FALSE,,5.439,tetragonal," 10.118069,"
mp-1018093,CaGaGeH,P3m1,-0.467,0,0.496,TRUE,71.675,4,TRUE,,4.25,trigonal," 16.50949823583294,"
mp-29849,Ag3SnP7,P21/m,-0.05,0,0.949,TRUE,452.467,22,FALSE,,4.838,monoclinic," 16.136333333333337,"
mp-30252,Na10CaSn12,I43m,-0.277,0,0.761,TRUE,722.597,23,FALSE,,3.894,cubic," 15.790000000000118,"
mp-1219343,ScCuSe2,C2/m,-1.109,0,0.71,FALSE,167.318,8,TRUE,,5.288,monoclinic," 11.713012,"
mp-22811,InCuSe2,I42d,-0.432,0,0.199,TRUE,203.946,8,FALSE,,5.476,tetragonal," 16.48133333333522,"
mp-9920,TiS3,P21/m,-1.463,0,0.232,TRUE,162.685,8,FALSE,,2.941,monoclinic," 10.036666666666669,"
mp-23116,CuBiSeO,P4/nmm,-0.838,0,0.345,TRUE,141.455,8,FALSE,,8.628,tetragonal," 15.689445333333337,"
mp-2455,As2Os,Pnnm,-0.219,0,0.756,TRUE,104.69,6,FALSE,,10.788,orthorhombic," 20.885,"
mp-7943,LiAs,P21/c,-0.487,0,0.357,FALSE,292.818,16,FALSE,,3.714,monoclinic," 15.447666666666668,"
mp-1009084,BeSnAs2,I42d,-0.18,0,0.704,TRUE,181.678,8,TRUE,,5.074,tetragonal," 13.428254000000017,"
mp-10519,Cu2SnS3,Cc,-0.661,0,0.041,TRUE,245.631,12,FALSE,,4.624,monoclinic," 20.28322766666666,"
mp-1102531,PRhSe,P213,-0.632,0,1.189,TRUE,201.899,12,FALSE,,7.002,cubic," 20.069493999999995,"
mp-1212441,Hf3Ni3Sb4,I43d,-0.567,0,0.581,FALSE,374.874,20,TRUE,,10.619,cubic," 31.75966200000001,"
mp-12904,HoAgTe2,P421m,-0.907,0,1.313,TRUE,237.895,8,FALSE,,7.371,tetragonal," 11.247040333333333,"
mp-1714,FeSi2,Cmce,-0.444,0,0.698,TRUE,300.079,24,FALSE,,4.959,orthorhombic," 24.635333333329072,"
mp-20817,GePtSe,Pca21,-0.553,0,0.627,TRUE,227.741,12,FALSE,,10.111,orthorhombic," 23.47385,"
mp-570370,SnPSe3,Pc,-0.246,0,1.433,TRUE,546.313,20,FALSE,,4.7,monoclinic," 10.383366666666667,"
mp-8507,Sr(P3Pt2)2,C2/c,-0.805,0,0.446,TRUE,388.989,22,FALSE,,8.997,monoclinic," 18.82933333333489,"
mp-27267,ReP4,Pbca,-0.321,0,0.757,TRUE,637.233,40,FALSE,,6.465,orthorhombic," 18.325333333333333,"
mp-3078,CdSiAs2,I42d,-0.125,0,0.89,TRUE,198.732,8,FALSE,,4.852,tetragonal," 14.074613666666663,"
mp-4666,CdSiP2,I42d,-0.202,0,1.426,TRUE,173.748,8,FALSE,,3.87,tetragonal," 10.787988333333333,"
mp-569522,MnP4,P1,-0.361,0,0.524,TRUE,439.201,30,FALSE,,4.057,triclinic," 19.673000000000005,"
mp-7173,ScSbPt,F43m,-1.17,0,0.66,TRUE,65.312,3,FALSE,,9.199,cubic," 18.409560000000038,"
mp-484,Te3As2,C2/m,-0.015,0,0.581,TRUE,308.061,10,FALSE,,5.742,monoclinic," 32.76733333333333,"
mp-1019105,KMgBi,P4/nmm,-0.471,0,0.378,TRUE,207.309,6,FALSE,,4.364,tetragonal," 10.360722999999997,"
mp-29055,KSb2,C2/m,-0.299,0,0.272,TRUE,221.903,6,FALSE,,4.23,monoclinic," 15.445999999985304,"
mp-5213,CdSnP2,I42d,-0.102,0,0.671,TRUE,210.015,8,FALSE,,4.634,tetragonal," 13.035046333333334,"
mp-567841,Be3P2,Ia3,-0.232,0,0.889,TRUE,529.505,40,FALSE,,2.232,cubic," 10.071000000000021,"
mp-9272,TlPt2S3,P3m1,-0.774,0,1.026,TRUE,280.187,12,FALSE,,8.187,trigonal," 12.533546000000014,"
mp-7756,SrLiSb,Pnma,-0.956,0,0.681,TRUE,333.445,12,FALSE,,4.309,orthorhombic," 10.126,"
mp-1103842,P4Os,P1,-0.38,0,1.303,TRUE,238.025,15,FALSE,,6.574,triclinic," 16.573681,"
mp-20554,InAgSe2,I42d,-0.418,0,0.361,TRUE,232.204,8,FALSE,,5.444,tetragonal," 10.145816999999997,"
mp-3481,KSnAs,P63mc,-0.402,0,0.339,TRUE,196.158,6,FALSE,,3.94,hexagonal," 11.031552999999994,"
mp-29238,TlAgSe,Pnma,-0.244,0,0.666,TRUE,306.22,12,FALSE,,8.486,orthorhombic," 15.145930333333334,"
mp-30390,HoSnAu,F43m,-0.851,0,0.025,TRUE,75.811,3,FALSE,,10.527,cubic," 22.53207833333333,"
mp-7430,Ca(CdSb)2,P3m1,-0.464,0,0.109,TRUE,148.159,5,FALSE,,5.698,trigonal," 39.14210466666668,"
mp-1100415,ZrSbRh,F43m,-1.001,0,1.183,TRUE,63.718,3,TRUE,,8.232,cubic," 16.58072533333322,"
mp-2624,AlSb,F43m,-0.159,0,1.261,TRUE,60.561,2,FALSE,,4.078,cubic," 12.00990000000001,"
mp-20331,CuSbSe2,Pnma,-0.203,0,0.607,TRUE,388.881,16,FALSE,,5.862,orthorhombic," 18.265838666666664,"
mp-31454,TaSbRu,F43m,-0.379,0,0.896,TRUE,59.396,3,FALSE,,11.289,cubic," 19.559226999999975,"
mp-551873,Ca4Bi2O,I4/mmm,-1.608,0,0.833,TRUE,189.474,7,FALSE,,5.208,tetragonal," 10.295534999999987,"
mp-866062,HfSiRu2,Fm3m,-0.8,0,0.332,TRUE,59.267,4,TRUE,,11.451,cubic," 26.689535999999933,"
mp-2517,Ca2Si,Pnma,-0.463,0,0.292,TRUE,332.053,12,FALSE,,2.165,orthorhombic," 15.762666666666666,"
mp-561511,FeAsS,P21/c,-0.672,0,0.736,TRUE,173.84,12,FALSE,,6.222,monoclinic," 25.017666704959797,"
mp-569501,LiCaBi,Pnma,-0.803,0,0.583,TRUE,319.14,12,FALSE,,5.328,orthorhombic," 12.943220333333334,"
mp-17862,Ag3Ge5P6,I43m,-0.031,0,0.577,TRUE,569.502,28,FALSE,,5.089,cubic," 17.136348333333384,"
mp-28921,Tl5Se2Br,I4/mcm,-0.498,0,0.618,TRUE,521.594,16,FALSE,,8.021,tetragonal," 11.318832000000016,"
mp-4964,YSbPt,F43m,-1.21,0,0.11,TRUE,72.723,3,FALSE,,9.265,cubic," 23.245040999999972,"
mp-5222,ReTeS,F43m,-0.598,0,0.133,TRUE,264.79,12,FALSE,,8.676,cubic," 16.675584000000015,"
mp-1069695,Sr(MgBi)2,P3m1,-0.577,0,0.384,FALSE,164.83,5,FALSE,,5.583,trigonal," 13.466276323670025,"
mp-569815,Si2Ru,Cmce,-0.545,0,0.482,TRUE,341.205,24,TRUE,,6.122,orthorhombic," 20.119666666667715,"
mp-675349,DyCuSe2,P3m1,-1.211,0,1.106,TRUE,93.309,4,TRUE,,6.833,trigonal," 10.093824666666626,"
mp-924130,TiNiSn,F43m,-0.535,0,0.453,TRUE,51.738,3,FALSE,,7.23,cubic," 24.271837544299625,"
mp-28011,Tl2Sn2S3,C2/c,-0.694,0,0.848,TRUE,414.474,14,FALSE,,5.949,monoclinic," 10.16573866666667,"
mp-19178,CoAgO2,P63/mmc,-1.081,0,1.359,TRUE,90.343,8,FALSE,,7.308,hexagonal," 10.634136333333368,"
mp-1029312,RbVN2,I42d,-0.928,0,0.707,TRUE,141.721,8,TRUE,,3.853,tetragonal," 15.284669333333339,"
mp-1213704,Cs3LiPb4,Cmcm,-0.252,0,0.758,FALSE,701.684,16,TRUE,,5.843,orthorhombic," 10.967697666666652,"
mp-29089,Sr2GeN2,P42/mbc,-0.817,0,0.053,TRUE,763.285,40,FALSE,,4.802,tetragonal," 34.79119733333332,"
mp-7392,Na2AgSb,Cmcm,-0.367,0,0.657,TRUE,215.732,8,FALSE,,4.243,orthorhombic," 12.073333333335961,"
mp-8630,SbIrS,P213,-0.704,0,1.512,TRUE,227.458,12,FALSE,,10.105,cubic," 16.750698,"
mp-1223306,La(Tl3Te2)3,I4/m,-0.513,0,0.819,FALSE,558.927,16,TRUE,,8.152,tetragonal," 16.344441666666697,"
mp-16313,TbSbPt,F43m,-1.212,0,0.097,TRUE,72.985,3,FALSE,,10.825,cubic," 23.271946999999987,"
mp-9397,HfTlCuSe3,Cmcm,-0.847,0,0.455,TRUE,291.419,12,FALSE,,7.787,orthorhombic," 11.509393666666666,"
mp-1029469,ZnSnN2,Pna21,-0.156,0,0.123,TRUE,223.187,16,TRUE,,6.313,orthorhombic," 158.864005,"
mp-1247,Sb2Ir,P21/c,-0.381,0,0.45,TRUE,273.846,12,FALSE,,10.569,monoclinic," 24.859999999999996,"
mp-28612,Na(LiSi2)3,Pnma,-0.13,0,0.118,TRUE,706.068,40,FALSE,,1.997,orthorhombic," 16.296333333333333,"
mp-30033,CoBr2,P3m1,-0.32,0,0.12,TRUE,83.569,3,FALSE,,4.346,trigonal," 12.102333333708176,"
mp-10194,LuSbPt,F43m,-1.204,0,0.181,TRUE,69.756,3,FALSE,,11.708,cubic," 36.19578300000002,"
mp-1210700,Mn(SbSe2)2,C2/m,-0.31,0,0.392,FALSE,380.356,14,TRUE,,5.364,monoclinic," 15.556896666666637,"
mp-29082,Ba5CrN5,C2/m,-0.895,0,0.134,TRUE,563.652,22,FALSE,,4.765,monoclinic," 14.812948333333333,"
mp-1220883,NaSbTe2,R3m,-0.446,0,0.703,TRUE,129.649,4,TRUE,,5.123,trigonal," 17.606120000000004,"
mp-38970,Ga2Te3,Cc,-0.321,0,1.014,TRUE,331.842,10,TRUE,,5.227,monoclinic," 11.672333333380905,"
mp-30456,SrLiBi,Pnma,-0.828,0,0.554,TRUE,354.129,12,FALSE,,5.693,orthorhombic," 12.512695666666668,"
mp-504498,K2CdPb,Ama2,-0.182,0,0.029,TRUE,324.39,8,FALSE,,4.073,orthorhombic," 19.895779333333333,"
mp-570238,P10Au7I,P31m,-0.138,0,0.498,TRUE,384.706,18,TRUE,,7.836,trigonal," 15.504836999999972,"
mp-989638,CaTcN3,C2/m,-0.602,0,0.638,TRUE,140.918,10,TRUE,,4.244,monoclinic," 12.283254666666672,"
mp-1219924,PRhS,P213,-0.938,0,1.453,FALSE,184.775,12,TRUE,,5.965,cubic," 17.811411999999994,"
mp-35162,MnIn2O4,Fd3m,-2.01,0,0.868,FALSE,193.227,14,TRUE,,5.991,cubic," 71.72435000000029,"
mp-29397,SiTePt,Pbca,-0.54,0,0.335,TRUE,496.911,24,FALSE,,9.377,orthorhombic," 23.567999999999994,"
mp-554921,Hg(BiS2)2,C2/m,-0.677,0,1.345,TRUE,372.921,14,FALSE,,6.651,monoclinic," 10.028241846860961,"
mp-871,FeSi,P213,-0.513,0,0.166,TRUE,88.015,8,FALSE,,6.334,cubic," 77.04500600000001,"
mp-924128,HfNiSn,F43m,-0.637,0,0.435,TRUE,57.152,3,TRUE,,10.34,cubic," 20.839392000000036,"
mp-546011,YZnAsO,P4/nmm,-1.985,0,1.202,TRUE,141.602,8,FALSE,,5.752,tetragonal," 10.256168999999973,"
mp-1201,Sb2Te3,R3m,-0.13,0,0.161,TRUE,169.893,5,FALSE,,6.122,trigonal," 44.217666666623934,"
mp-18300,Ca3AlSb3,Pnma,-0.838,0,0.294,TRUE,841.821,28,FALSE,,4.044,orthorhombic," 12.522,"
mp-2418,PdSe2,Pbca,-0.283,0,0.009,TRUE,295.758,12,FALSE,,5.937,orthorhombic," 13.417999999999997,"
mp-27904,FeSbS,P21/c,-0.583,0,0.618,TRUE,200.297,12,FALSE,,6.953,monoclinic," 27.680666666666667,"
mp-34202,Bi2Te3,R3m,-0.236,0,0.386,TRUE,178.033,5,FALSE,,7.469,trigonal," 32.602999999915035,"
mp-866105,Ca2HgPb,Fm3m,-0.601,0,0.071,TRUE,116.136,4,TRUE,,6.977,cubic," 242.78764100000058,"
mp-30253,Na10SrSn12,I43m,-0.279,0,0.774,TRUE,732.266,23,FALSE,,3.95,cubic," 15.194257666666658,"
mp-30460,YNiBi,F43m,-0.674,0,0.257,TRUE,68.578,3,FALSE,,8.634,cubic," 24.59433199999997,"
mp-559864,InSb2S4Br,C2/m,-0.75,0,1.536,TRUE,423.382,16,FALSE,,4.444,monoclinic," 19.462190666666668,"
mp-1029655,Sr3WN3,P63/m,-0.964,0,0.019,TRUE,297.105,14,TRUE,,5.463,hexagonal," 15.511038999999984,"
mp-8281,Ba(CdAs)2,P3m1,-0.641,0,0.158,TRUE,142.718,5,FALSE,,5.957,trigonal," 97.6322756666667,"
mp-867336,K2SrCdSb2,Pmc21,-0.62,0,0.315,TRUE,414.943,12,FALSE,,4.176,orthorhombic," 10.661370666666668,"
mp-979137,SrGaSiH,P3m1,-0.449,0,0.417,TRUE,75.662,4,TRUE,,4.092,trigonal," 14.497244000000405,"
mp-1029650,Na15Re7N19,P1,-0.425,0,0.182,TRUE,1319.404,82,TRUE,,4.819,triclinic," 62.04505866666667,"
mp-1103471,LaAsS,Pnma,-1.879,0,0.233,TRUE,286.18,12,FALSE,,5.707,orthorhombic," 31.97520201049041,"
mp-11692,Ba3(SiAs2)2,C2/c,-0.808,0,0.827,TRUE,564.969,18,FALSE,,4.514,monoclinic," 10.10733033333333,"
mp-14285,CoP2,P21/c,-0.533,0,0.545,TRUE,157.013,12,FALSE,,5.114,monoclinic," 24.938666666666666,"
mp-1095507,SbIrSe,P213,-0.462,0,1.271,TRUE,246.598,12,FALSE,,10.584,cubic," 18.407075999999996,"
mp-1101755,GePtS,Pca21,-0.807,0,0.99,TRUE,209.568,12,FALSE,,9.502,orthorhombic," 18.328481333333333,"
mp-762,PtS2,P3m1,-0.792,0,1.444,TRUE,69.383,3,FALSE,,6.204,trigonal," 10.142666666666667,"
mp-1317,CoSb3,Im3,-0.188,0,0.582,TRUE,378.68,16,FALSE,,7.441,cubic," 35.084000000000195,"
mp-2809,Sb2S3,Pnma,-0.647,0,1.309,TRUE,527.424,20,FALSE,,4.278,orthorhombic," 11.211396666666667,"
mp-2833,IrS2,Pnma,-0.843,0,0.564,TRUE,411.681,24,FALSE,,8.272,orthorhombic," 16.558066999999998,"
mp-864898,Na2TlBi,Fm3m,-0.293,0,0.13,TRUE,115.629,4,TRUE,,6.597,cubic," 74.52735900000006,"
mp-961687,ZrSnPd,F43m,-0.791,0,0.183,TRUE,65.702,3,TRUE,,7.996,cubic," 20.778000000002073,"
mp-1118943,Cs3Re2N5,I41,-0.427,0,0.321,FALSE,977.393,40,TRUE,,5.716,tetragonal," 22.371375,"
mp-766,As2Ru,Pnnm,-0.398,0,0.561,TRUE,103.497,6,FALSE,,8.051,orthorhombic," 23.544,"
mp-7067,Ca(CdAs)2,P3m1,-0.597,0,0.219,TRUE,124.562,5,FALSE,,5.529,trigonal," 39.49964266666666,"
mp-17558,Ca5(GaAs3)2,Pbam,-0.95,0,0.121,TRUE,634.752,26,FALSE,,4.13,orthorhombic," 13.987,"
mp-2071,Zn3P2,P42/nmc,-0.188,0,0.605,TRUE,756.171,40,FALSE,,4.536,tetragonal," 13.726666666666672,"
mp-2695,Sb2Os,Pnnm,-0.016,0,0.404,TRUE,132.351,6,FALSE,,10.884,orthorhombic," 21.894666666666662,"
mp-4024,DyAgTe2,P421m,-0.915,0,1.311,TRUE,239.859,8,FALSE,,7.277,tetragonal," 11.262915333333334,"
mp-8439,Ca5(AlSb3)2,Pbam,-0.773,0,0.218,TRUE,771.995,26,FALSE,,4.237,orthorhombic," 15.282000000000002,"
mp-29187,Co(SiP)3,P21,-0.319,0,1.347,TRUE,434.459,28,FALSE,,3.61,monoclinic," 18.883896666666665,"
mp-4226,LiCrS2,P3m1,-1.333,0,0.727,TRUE,63.73,4,FALSE,,3.207,trigonal," 10.238462333333327,"
mp-730,P2Pt,Pa3,-0.683,0,1.126,TRUE,190.584,12,FALSE,,8.958,cubic," 19.64533333333333,"
mp-1207629,YRhO3,Pnma,-2.57,0,0.813,FALSE,236.233,20,TRUE,,6.743,orthorhombic," 10.768693333333331,"
mp-1218926,SnPtSe,P213,-0.566,0,0.596,FALSE,259.642,12,TRUE,,10.047,cubic," 26.736913000000012,"
mp-3839,GaCuTe2,I42d,-0.282,0,0.555,TRUE,225.142,8,FALSE,,5.73,tetragonal," 15.013390333333335,"
mp-570213,LiMgBi,F43m,-0.377,0,0.359,TRUE,80.335,3,FALSE,,4.966,cubic," 13.006579999999987,"
mp-8208,Mg(PtO2)3,Cmmm,-1.389,0,0.359,TRUE,116.441,10,FALSE,,10.062,orthorhombic," 15.015071999999838,"
mp-1013527,BeGeP2,I42d,-0.27,0,0.912,TRUE,142.403,8,TRUE,,3.349,tetragonal," 10.623756666666663,"
mp-978847,SrGaGeH,P3m1,-0.49,0,0.426,TRUE,78.193,4,FALSE,,4.905,trigonal," 38.315080333333334,"
mp-1079772,Ca(InP)2,P63/mmc,-0.583,0,0.409,TRUE,253.639,10,FALSE,,4.343,hexagonal," 11.753194086670808,"
mp-567318,TlSbSe2,P21/m,-0.331,0,0.841,TRUE,473.048,16,TRUE,,6.797,monoclinic," 16.700000000000003,"
mp-10967,CdCu2GeSe4,I42m,-0.342,0,0.247,TRUE,191.22,8,FALSE,,5.453,tetragonal," 18.685768999999997,"
mp-8277,Sr(CdP)2,P3m1,-0.595,0,0.71,TRUE,122.303,5,FALSE,,5.083,trigonal," 12.031000000000153,"
mp-189,SiRu,P213,-0.65,0,0.254,TRUE,106.765,8,FALSE,,8.035,cubic," 44.437724,"
mp-13801,Tl2Pt2O7,Fd3m,-1.161,0,0.865,TRUE,276.032,22,FALSE,,10.96,cubic," 10.155568999999977,"
mp-16337,Ga2HgTe4,I4,-0.3,0,1.119,TRUE,236.184,7,FALSE,,5.979,tetragonal," 11.608424666666664,"
mp-22386,InAgTe2,I42d,-0.286,0,0.065,TRUE,280.93,8,FALSE,,5.649,tetragonal," 12.675541999999995,"
mp-1029267,CaZrN2,R3m,-1.677,0,0.421,TRUE,54.123,4,TRUE,,4.888,trigonal," 10.771179999999996,"
mp-1078636,Ba2ZnAs2,Ibam,-0.95,0,0.745,TRUE,314.628,10,FALSE,,5.171,orthorhombic," 10.777731666666668,"
mp-29199,BaCuN,C2/c,-0.476,0,0.048,TRUE,381.589,18,FALSE,,5.61,monoclinic," 12.851891666666669,"
mp-607450,In3Ru,P42/mnm,-0.141,0,0.247,TRUE,370.164,16,FALSE,,7.994,tetragonal," 25.289459800878763,"
mp-18500,K3Sn4Au,Pmmn,-0.34,0,0.613,TRUE,596.496,16,FALSE,,4.393,orthorhombic," 23.755988333333335,"
mp-20726,SrCaSn,Pnma,-0.683,0,0.3,TRUE,424.53,12,FALSE,,3.855,orthorhombic," 18.108999999999995,"
mp-29208,Ca(MgBi)2,P3m1,-0.533,0,0.389,TRUE,154.58,5,FALSE,,5.443,trigonal," 16.751003666666666,"
mp-3716,TbNiSb,F43m,-0.903,0,0.384,TRUE,64.623,3,FALSE,,8.721,cubic," 18.853474999999953,"
mp-697047,Li3H4Rh,Cmcm,-0.488,0,0.69,TRUE,150.483,16,FALSE,,2.82,orthorhombic," 11.289796999999972,"
mp-866229,Ca2SnHg,Fm3m,-0.662,0,0.132,TRUE,114.034,4,TRUE,,5.817,cubic," 225.3748429999999,"
mvc-14149,CoO2,I4/m,-1.17,0,0.59,TRUE,129.644,12,TRUE,,4.659,tetragonal," 14.005065227023572,"
mp-1080848,KVN2,Pbca,-0.94,0,0.895,FALSE,1052.259,64,TRUE,,2.981,orthorhombic," 12.871944333333333,"
mp-4524,ZnGeP2,I42d,-0.211,0,1.203,TRUE,164.25,8,FALSE,,4.044,tetragonal," 12.117934,"
mp-17173,Rh2S3,Pbcn,-0.869,0,0.192,TRUE,321.405,20,FALSE,,6.241,orthorhombic," 25.082000000000004,"
mp-21276,PbS,Fm3m,-0.865,0,0.993,TRUE,54.174,2,FALSE,,7.334,cubic," 16.395291706067255,"
mp-820,HgSe,F43m,-0.206,0,0.124,TRUE,61.749,2,FALSE,,7.518,cubic," 16.742244000000024,"
mp-19886,ThSnPt,F43m,-1.075,0,0.881,TRUE,79.311,3,FALSE,,11.428,cubic," 25.64858999999997,"
mp-27488,Ta3N5,Cmcm,-1.286,0,1.257,TRUE,208.844,16,FALSE,,9.746,orthorhombic," 10.830666666602186,"
mp-571306,Ca2Zn2CuP3,P63/mmc,-0.765,0,0.278,TRUE,305.041,16,FALSE,,4,hexagonal," 11.948000000000022,"
mp-3161,LiAlSi,F43m,-0.216,0,0.143,TRUE,52.355,3,FALSE,,1.967,cubic," 15.258516000000022,"
mp-8279,Ba(CdP)2,P3m1,-0.588,0,0.682,TRUE,131.61,5,FALSE,,5.351,trigonal," 12.94666666666667,"
mp-27173,P4Ru,P1,-0.447,0,1.125,TRUE,236.807,15,FALSE,,4.732,triclinic," 17.445333333333338,"
mp-27648,Te2Br,Pnma,-0.168,0,0.769,TRUE,905.837,24,FALSE,,4.914,orthorhombic," 10.690666666666667,"
mp-4510,DyNiSb,F43m,-0.904,0,0.367,TRUE,63.957,3,FALSE,,8.904,cubic," 18.729587000000024,"
mp-1080847,Mg3SbN,Pm3m,-0.688,0,0.699,FALSE,83.886,5,TRUE,,4.131,cubic," 10.756434932820843,"
mp-23222,Li3Bi,Fm3m,-0.528,0,0.38,TRUE,76.44,4,FALSE,,4.992,cubic," 13.776666666678421,"
mp-1079149,Ba2ZnSb2,Ibam,-0.874,0,0.391,TRUE,365.824,10,FALSE,,5.298,orthorhombic," 12.315130666666676,"
mp-924129,ZrNiSn,F43m,-0.69,0,0.52,TRUE,58.511,3,TRUE,,7.624,cubic," 21.96650900000003,"
mp-760,FeSe2,Pnnm,-0.355,0,0.405,TRUE,100.133,6,FALSE,,7.09,orthorhombic," 26.700666666666667,"
mp-927,CuP2,P21/c,-0.112,0,0.965,TRUE,194.5,12,FALSE,,4.286,monoclinic," 16.290000000000003,"
mp-867207,Sr2HgPb,Fm3m,-0.6,0,0.181,TRUE,136.499,4,TRUE,,7.093,cubic," 95.5694480000001,"
mp-1222618,Li2ZnCdP2,R3m,-0.492,0,0.881,FALSE,105.58,6,TRUE,,3.989,trigonal," 10.354285000000003,"
mp-4468,CuSbS2,Pnma,-0.574,0,0.737,TRUE,338.226,16,FALSE,,4.898,orthorhombic," 13.924892999999997,"
mp-1221753,MnCr4CdSe8,F43m,-0.542,0,0.471,FALSE,313.932,14,TRUE,,5.327,cubic," 12.562387000000456,"
mp-2242,GeS,Pnma,-0.585,0,1.237,TRUE,175.866,8,FALSE,,3.955,orthorhombic," 10.986487000000002,"
mp-4876,Tl3SbSe3,P213,-0.363,0,1.111,TRUE,914.561,28,FALSE,,7.058,cubic," 10.592975999999998,"
mp-676274,Tl9SbSe6,I4/m,-0.355,0,0.764,TRUE,488.916,16,TRUE,,8.27,tetragonal," 17.04500183562583,"
mp-8195,Ba2GeAs2,P21/c,-0.895,0,0.558,TRUE,651.389,20,FALSE,,5.069,monoclinic," 11.877695333333333,"
mp-8276,Sr(ZnP)2,P3m1,-0.691,0,0.829,TRUE,104.541,5,FALSE,,4.454,trigonal," 11.103333333333348,"
mp-997086,SrAgO2,C2/m,-1.837,0,0.743,TRUE,128.366,8,TRUE,,5.886,monoclinic," 12.107169666666676,"
mp-2231,SnS,Pnma,-0.778,0,1.111,TRUE,204.376,8,FALSE,,4.9,orthorhombic," 13.144832333333332,"
mp-267,Te2Ru,Pnnm,-0.338,0,0.319,TRUE,140.771,6,FALSE,,8.405,orthorhombic," 20.930999999999997,"
mp-552098,Bi2SeO2,I4/mmm,-1.264,0,0.399,TRUE,95.658,5,FALSE,,9.182,tetragonal," 12.753102666666678,"
mp-9565,Ca(MgSb)2,P3m1,-0.713,0,0.792,TRUE,144.701,5,FALSE,,3.812,trigonal," 10.626666666666814,"
mp-1105594,La3Cu3Sb4,I43d,-0.838,0,0.426,TRUE,483.809,20,FALSE,,7.512,cubic," 25.54662800000001,"
mp-28987,NaPt2Se3,P63mc,-0.581,0,0.998,TRUE,570.842,24,FALSE,,7.564,hexagonal," 12.080409333333337,"
mp-1217120,Ti2FeNiSb2,R3m,-0.581,0,0.963,TRUE,104.345,6,TRUE,,7.222,trigonal," 22.61778903561098,"
mp-1228823,AsIrS,P213,-0.798,0,1.865,FALSE,200.29,12,TRUE,,9.922,cubic," 15.719452999999996,"
mp-19,Te,P3121,0,0,0.575,TRUE,105.094,3,FALSE,,6.048,trigonal," 43.624508333333345,"
mp-1079885,LiSbS2,C2/c,-1.002,0,0.948,FALSE,171.577,8,FALSE,,3.732,monoclinic," 10.419872666666668,"
mp-4573,TlSbTe2,R3m,-0.231,0,0.132,TRUE,138.666,4,FALSE,,6.962,trigonal," 34.65800000000309,"
mp-570553,FeP4,C2/c,-0.372,0,0.897,TRUE,292.018,20,FALSE,,4.088,monoclinic," 19.46600000000012,"
mp-9437,NbFeSb,F43m,-0.338,0,0.743,TRUE,53.167,3,FALSE,,8.449,cubic," 24.718901000000002,"
mp-16252,BaCaGe,Pnma,-0.587,0,0.191,TRUE,408.531,12,FALSE,,4.065,orthorhombic," 22.157999999999998,"
mp-4763,ZnSiP2,I42d,-0.314,0,1.364,TRUE,154.878,8,FALSE,,3.333,tetragonal," 10.516784,"
mp-861979,Ir2S3,R3c,-0.764,0,1.145,TRUE,166.763,10,TRUE,,9.572,trigonal," 19.16966666671784,"
mp-1522,FeS2,Pnnm,-0.955,0,0.978,TRUE,81.421,6,FALSE,,4.894,orthorhombic," 21.05966666666667,"
mp-1095180,Ca2CdAs2,Cmc21,-0.934,0,0.853,TRUE,259.327,10,FALSE,,4.385,orthorhombic," 10.765155666666653,"
mp-7188,Al2Os,I4/mmm,-0.562,0,0.311,TRUE,42.248,3,FALSE,,9.598,tetragonal," 17.302666666650214,"
mp-11836,ErSbPd,F43m,-1.117,0,0.281,TRUE,70.794,3,FALSE,,9.275,cubic," 18.343393999999993,"
mp-1219274,ScNb(NiSn)2,R3m,-0.531,0,0.436,TRUE,111.635,6,TRUE,,7.328,trigonal," 23.449589666666597,"
mp-14500,Sr(As3Pt2)2,C2/c,-0.672,0,0.19,TRUE,447.826,22,FALSE,,9.77,monoclinic," 25.6449999999935,"
mp-1101894,FeAsSe,P21/c,-0.322,0,0.479,TRUE,191.797,12,FALSE,,7.263,monoclinic," 27.313014,"
mp-7438,KZnSb,P63/mmc,-0.4,0,0.443,TRUE,194.907,6,FALSE,,3.855,hexagonal," 24.779698333333368,"
mp-643683,Ba5(Ga3H)2,P3c1,-0.503,0,0.389,TRUE,763.772,26,FALSE,,4.813,trigonal," 17.86500433333335,"
mp-1102534,POsS,P21/c,-0.681,0,0.993,TRUE,184.717,12,FALSE,,9.107,monoclinic," 16.702103000000005,"
mp-12364,BaCu2SnSe4,Ama2,-0.742,0,0.459,TRUE,437.99,16,FALSE,,5.3,orthorhombic," 11.047999999988951,"
mp-541837,Bi2Se3,R3m,-0.388,0,0.543,TRUE,154.107,5,FALSE,,7.056,trigonal," 17.33633333354044,"
mp-16329,ErSbPt,F43m,-1.217,0,0.287,TRUE,71.27,3,FALSE,,11.279,cubic," 26.099631999999968,"
mp-31243,BaAs2,Pc,-0.787,0,0.432,TRUE,553.948,18,FALSE,,5.165,monoclinic," 14.735270666666667,"
mp-17885,Ba2Ge2Te5,Pna21,-0.854,0,0.773,TRUE,1288.239,36,FALSE,,5.455,orthorhombic," 11.220919,"
mp-5920,LiAlGe,F43m,-0.262,0,0.087,TRUE,54.516,3,FALSE,,3.246,cubic," 16.564550000000036,"
mp-1078443,As2Se3,C2/m,-0.118,0,0.625,TRUE,256.776,10,FALSE,,5.002,monoclinic," 17.126107666666666,"
mp-1078709,Na2BiAu,Cmcm,-0.372,0,0.57,TRUE,221.893,8,FALSE,,6.764,orthorhombic," 20.01236833333333,"
mp-1207095,SiPAu,R3m,-0.2,0,1.003,TRUE,62.144,3,TRUE,,6.841,trigonal," 13.283499666666666,"
mp-4840,GaCuSe2,I42d,-0.478,0,0.458,TRUE,180.762,8,FALSE,,5.35,tetragonal," 203.81666666312984,"
mp-28029,TcP3,Pnma,-0.444,0,0.386,TRUE,248.981,16,FALSE,,5.093,orthorhombic," 20.69916533333333,"
mp-23558,Ag2BiO3,Pnn2,-0.929,0,0.448,TRUE,382.081,24,FALSE,,8.218,orthorhombic," 12.944955,"
mp-1214794,AsRuSe,P21/c,-0.417,0,0.748,FALSE,216.835,12,TRUE,,7.81,monoclinic," 21.990949,"
mp-9899,BaAgP,P63/mmc,-0.727,0,0.191,TRUE,160.76,6,FALSE,,5.705,hexagonal," 28.198885999999973,"
mp-288,PtS,P42/mmc,-0.737,0,0.471,TRUE,76.47,4,FALSE,,9.865,tetragonal," 14.463608000000002,"
mp-863707,KNa2Bi,Fm3m,-0.382,0,0.682,TRUE,127.038,4,TRUE,,3.844,cubic," 17.72046699999999,"
mp-1477,BaSi2,Pnma,-0.362,0,0.791,TRUE,708.483,24,FALSE,,3.628,orthorhombic," 12.342999999999998,"
mp-27821,Ag3P11,Cm,-0.025,0,1.096,TRUE,293.668,14,FALSE,,3.756,monoclinic," 11.495666666650138,"
mp-9570,Ca(CdP)2,P3m1,-0.571,0,0.821,TRUE,114.369,5,FALSE,,4.746,trigonal," 12.056000000000283,"
mp-11520,YNiSb,F43m,-0.9,0,0.349,TRUE,64.422,3,FALSE,,6.943,cubic," 18.552163000000014,"
mp-7427,Ba(ZnAs)2,Pnma,-0.678,0,0.297,TRUE,480.14,20,FALSE,,5.782,orthorhombic," 17.575,"
mp-1217269,TeSe2,C2,-0.005,0,0.897,TRUE,92.249,3,TRUE,,5.14,monoclinic," 17.515939,"
mp-16608,Si3Os2,Pbcn,-0.453,0,0.857,TRUE,570.554,40,FALSE,,10.82,orthorhombic," 18.948000000000004,"
mp-30950,Sr3GeO,Pnma,-1.561,0,0.577,TRUE,527.978,20,FALSE,,4.422,orthorhombic," 13.54974133333333,"
mp-640889,Tm(CuTe)3,Pmn21,-0.523,0,0.401,TRUE,667.726,28,FALSE,,7.385,orthorhombic," 12.909478,"
mp-15953,P2Rh,P21/c,-0.65,0,0.542,TRUE,184.38,12,FALSE,,5.939,monoclinic," 21.840999999999998,"
mp-22791,TlInTe2,I4/mcm,-0.363,0,0.65,TRUE,277.374,8,FALSE,,6.877,tetragonal," 12.165952999999996,"
mp-9569,Ca(ZnP)2,P3m1,-0.702,0,0.929,TRUE,97.129,5,FALSE,,3.981,trigonal," 11.11882999999999,"
mp-998609,CsNaF3,Pnma,-2.43,0,0.019,TRUE,395.249,20,TRUE,,3.578,orthorhombic," 20.808738333333334,"
mp-29529,NaSnP,P63mc,-0.309,0,0.65,TRUE,157.034,6,FALSE,,3.652,hexagonal," 10.692239333333324,"
mp-7956,Na3Sb,P63/mmc,-0.436,0,0.395,TRUE,239.286,8,FALSE,,2.647,hexagonal," 10.976000000000127,"
mp-1008506,BaGaSiH,P3m1,-0.449,0,0.785,TRUE,84.451,4,TRUE,,4.643,trigonal," 16.54851497603612,"
mp-1101765,BiRhSe,P213,-0.409,0,0.319,TRUE,259.972,12,FALSE,,9.986,cubic," 33.290600999999995,"
mp-1189341,HfTl2PbSe4,C2/c,-0.817,0,0.964,TRUE,466.232,16,FALSE,,7.909,monoclinic," 11.119707999999989,"
mp-3332,NaCrSe2,R3m,-0.81,0,0.868,TRUE,84.673,4,FALSE,,4.568,trigonal," 10.539034666666668,"
mp-3432,ScNiSb,F43m,-0.9,0,0.316,TRUE,57.046,3,FALSE,,6.561,cubic," 18.301273000000023,"
mp-3785,TlGaTe2,I4/mcm,-0.369,0,0.581,TRUE,260.13,8,FALSE,,6.758,tetragonal," 13.320920666666659,"
mp-17524,GeAs2,Pbam,-0.043,0,0.721,TRUE,624.727,24,FALSE,,4.731,orthorhombic," 13.120666666666665,"
mp-31002,Rb2Te5,C2/m,-0.54,0,0.396,TRUE,287.205,7,FALSE,,4.677,monoclinic," 16.72133333333374,"
mp-7770,Sr(ZnAs)2,P3m1,-0.669,0,0.256,TRUE,115.352,5,FALSE,,5.302,trigonal," 15.046333333333399,"
mp-971673,BiS2,C2/m,-0.7,0,1.189,TRUE,301.232,12,FALSE,,6.022,monoclinic," 12.299302333333339,"
mp-28413,Na2(GaSb)3,Pnma,-0.269,0,0.325,TRUE,873.466,32,FALSE,,4.718,orthorhombic," 18.796666666666667,"
mp-1106051,Y3Cu3Sb4,I43d,-0.725,0,0.457,TRUE,435.878,20,FALSE,,7.196,cubic," 26.530203000000014,"
mp-20027,FeP2,Pnnm,-0.537,0,0.471,TRUE,76.291,6,FALSE,,5.128,orthorhombic," 23.048333333333332,"
mp-561786,Cs(TeO3)2,R3m,-1.657,0,0.514,TRUE,294.133,18,FALSE,,5.466,trigonal," 10.557528333333332,"
mp-5967,TiCoSb,F43m,-0.661,0,1.067,TRUE,51.177,3,FALSE,,7.416,cubic," 20.46137399999998,"
mp-865101,NaLi2Bi,Fm3m,-0.487,0,0.352,TRUE,86.168,4,TRUE,,4.738,cubic," 16.512548000000006,"
mp-865799,Yb2AsAu,Fm3m,-1.084,0,0.162,TRUE,92.124,4,TRUE,,11.139,cubic," 43.63964800000013,"
mp-1009087,BeSiAs2,I42d,-0.212,0,1.023,TRUE,155.051,8,TRUE,,4.004,tetragonal," 10.901283333333332,"
mp-13654,Y3Sb4Au3,I43d,-0.82,0,0.581,TRUE,494.584,20,FALSE,,9.029,cubic," 27.056649333333315,"
mp-2008,FeAs2,Pnnm,-0.265,0,0.286,TRUE,92.012,6,FALSE,,7.424,orthorhombic," 30.61366666666667,"
mp-27736,Re2P5,P1,-0.367,0,0.485,TRUE,444.606,28,FALSE,,7.877,triclinic," 18.955333333333332,"
mp-34126,Cu4SnP10,R3m,-0.124,0,0.367,TRUE,274.444,15,FALSE,,4.13,trigonal," 16.986648000000006,"
mp-17568,Ag3Sn2(GeP2)3,I43m,-0.045,0,0.341,TRUE,599.975,28,FALSE,,5.34,cubic," 23.716828999999887,"
mp-35907,La5TlTe8,I4,-1.478,0,1.081,TRUE,464.682,14,TRUE,,6.86,tetragonal," 12.47859299999999,"
mp-7936,LiNbS2,P63/mmc,-1.635,0,0.806,TRUE,128.365,8,FALSE,,4.242,hexagonal," 12.006016333333315,"
mp-989635,CaMoN3,C2/m,-0.808,0,0.906,TRUE,143.824,10,TRUE,,4.111,monoclinic," 10.153964666666665,"
mp-1029863,K15Re7N19,P1,-0.457,0,0.191,TRUE,1628.01,82,TRUE,,4.398,triclinic," 13.481802666666667,"
mp-3167,Hg2GeSe4,I4,-0.234,0,0.628,TRUE,198.582,7,FALSE,,6.603,tetragonal," 10.698100333333334,"
mp-5710,Ag3Te2Au,I4132,-0.068,0,0.196,TRUE,586.857,24,FALSE,,8.78,cubic," 23.511000000000042,"
mp-1821,WSe2,P63/mmc,-0.558,0,1.511,TRUE,144.457,6,FALSE,,7.857,hexagonal," 10.132666666667012,"
mp-14501,Ba(As3Pt2)2,C2/c,-0.663,0,0.33,TRUE,456.374,22,FALSE,,9.949,monoclinic," 25.16033333333479,"
mp-867169,Sr2SnHg,Fm3m,-0.654,0,0.36,TRUE,132.939,4,TRUE,,6.177,cubic," 69.21734400000004,"
mp-11152,SiSbPt,Pbca,-0.487,0,0.174,TRUE,477.157,24,FALSE,,9.603,orthorhombic," 32.845666666666666,"
mp-938,GeTe,R3m,-0.095,0,0.822,TRUE,56.265,2,FALSE,,5.91,trigonal," 37.75363866666665,"
mp-9571,Ca(ZnAs)2,P3m1,-0.662,0,0.391,TRUE,107.382,5,FALSE,,4.96,trigonal," 14.399996333333343,"
mp-1103213,SbTeOs,P21/c,-0.085,0,0.981,TRUE,273.734,12,FALSE,,10.667,monoclinic," 19.647299,"
mp-12855,Cu2HgGeSe4,I42m,-0.244,0,0.122,TRUE,192.483,8,FALSE,,6.178,tetragonal," 24.000145666666665,"
mp-7421,KZnAs,P63/mmc,-0.476,0,0.274,TRUE,164.528,6,FALSE,,3.622,hexagonal," 34.678117666666644,"
mp-1078366,Bi2S2O,P4/nmm,-1.07,0,1.166,TRUE,225.308,10,FALSE,,7.342,tetragonal," 14.484660999999994,"
mp-1100408,TaSnRh,F43m,-0.458,0,1.14,TRUE,59.672,3,TRUE,,11.202,cubic," 20.58147433333257,"
mp-27809,Ba(GeP)2,P42mc,-0.506,0,0.515,TRUE,513.837,20,FALSE,,4.454,tetragonal," 12.786666666666667,"
mp-755363,Ba3SiO,Pnma,-1.334,0,0.508,TRUE,640.444,20,TRUE,,4.73,orthorhombic," 15.187331666666667,"
mp-10485,BaLiSb,P63/mmc,-0.945,0,0.695,TRUE,194.627,6,FALSE,,4.539,hexagonal," 10.442355000000035,"
mp-1008858,NdBiPd,F43m,-0.945,0,0.09,TRUE,80.958,3,FALSE,,9.428,cubic," 25.990782000000006,"
mp-7049,ZrTlCuS3,Cmcm,-1.314,0,0.608,TRUE,264.616,12,FALSE,,5.715,orthorhombic," 10.195657333333335,"
mp-1228724,AsRhSe,P213,-0.576,0,0.956,FALSE,217.396,12,TRUE,,7.846,cubic," 22.034559,"
mp-12814,Ba3SbN,P63/mmc,-0.892,0,0.699,TRUE,343.916,10,FALSE,,5.289,hexagonal," 11.140000000000027,"
mp-5881,CoSbS,Pbca,-0.588,0,0.405,TRUE,407.873,24,FALSE,,6.929,orthorhombic," 29.004999999999995,"
mp-867339,CsK2Bi,Fm3m,-0.346,0,0.569,TRUE,177.37,4,TRUE,,3.933,cubic," 11.573917,"
mp-1189464,ZrTl2PbSe4,C2/c,-0.819,0,1.02,TRUE,471.087,16,FALSE,,7.212,monoclinic," 11.804470333333322,"
mp-15339,Sr3As4,Fdd2,-0.959,0,0.677,TRUE,409.671,14,FALSE,,4.56,orthorhombic,11.66733333